"Id","Path","Slice Name","Alias(s)","Label","Min","Max","Must Support?","Is Modifier?","Is Summary?","Type(s)","Short","Definition","Comments","Requirements","Default Value","Meaning When Missing","Fixed Value","Pattern","Example","Minimum Value","Maximum Value","Maximum Length","Binding Strength","Binding Description","Binding Value Set","Code","Slicing Discriminator","Slicing Description","Slicing Ordered","Slicing Rules","Base Path","Base Min","Base Max","Condition(s)","Constraint(s)","Mapping: RIM Mapping"
"IMMZD4CheckContraindicationsMeasles","IMMZD4CheckContraindicationsMeasles","","","",0,*,"","","","null {[]} {[]}
","IMMZ.D4 Check Contraindications for Measles","Data elements for the IMMZ.D4 Check Contraindications Data Dictionary for Measles.","","","","","","","","","",,,,,"",,,,"Base",0,*,"",""
"IMMZD4CheckContraindicationsMeasles.patient","IMMZD4CheckContraindicationsMeasles.patient","","","",1,1,"","","","Reference {[]} {[]}
","Patient","The patient who is being checked for contraindications.","","","","","","","","","",,,,,"",,,,"IMMZD4CheckContraindicationsMeasles.patient",1,1,"",""
"IMMZD4CheckContraindicationsMeasles.contraindications","IMMZD4CheckContraindicationsMeasles.contraindications","","","",0,*,"","","","Coding {[]} {[]}
","Potential contraindications","Specific situations or medical conditions in which it is advised or recommended to avoid or delay administering a particular vaccine.","","","","","","","","","",,"required","","http://moh.catopiatz/ig/smart-immunizations-measles-tz/ValueSet/IMMZ.D4.DE161","http://moh.catopiatz/ig/smart-immunizations-measles-tz/CodeSystem/IMMZ.D4#DE161
",,,,"IMMZD4CheckContraindicationsMeasles.contraindications",0,*,"",""
