{"resourceType":"PlanDefinition","id":"IMMZD2DTMeasles","meta":{"profile":["http://hl7.org/fhir/uv/cpg/StructureDefinition/cpg-recommendationdefinition"]},"extension":[{"url":"http://hl7.org/fhir/uv/cpg/StructureDefinition/cpg-knowledgeCapability","valueCode":"computable"}],"url":"http://moh.catopiatz/ig/smart-immunizations-measles-tz/PlanDefinition/IMMZD2DTMeasles","version":"0.1.0","name":"IMMZD2DTMeasles","title":"IMMZ.D2.DT.Measles","type":{"coding":[{"system":"http://terminology.hl7.org/CodeSystem/plan-definition-type","code":"eca-rule"}]},"status":"draft","experimental":false,"date":"2023-10-26T14:55:19+00:00","publisher":"JLT","contact":[{"name":"JLT","telecom":[{"system":"url","value":"http://moh.catopiatz"}]}],"description":"If the child or patient has not been given MCV1 (at 9 months) and MCV2 (between 15-18 months) vaccination","library":["http://moh.catopiatz/ig/smart-immunizations-measles-tz/Library/IMMZD2DTMeasles"],"action":[{"title":"Immunize patient for Measles","description":"Provide measles immunization","condition":[{"kind":"applicability","expression":{"description":"Provision of the MCV dose","language":"text/cql-identifier","expression":"Provision of the MCV dose"}}],"definitionCanonical":"http://moh.catopiatz/ig/smart-immunizations-measles-tz/ActivityDefinition/IMMZD2DTMeaslesMR"}]}